{"class/5/PSNR (dB)":{"mean":8.8294947415043,"std":1.976032219176868,"min":0.614650309085846,"max":16.438270568847656},"class/5/Log-Spectral Distance":{"mean":1.1451971043827935,"std":0.24987533140488521,"min":0.3678114414215088,"max":2.090803861618042},"eval/Log-Spectral Distance":1.1288884690472822,"class/0/PSNR (dB)":{"mean":8.140906897331519,"std":2.0284234400225425,"min":1.836915135383606,"max":16.127544403076172},"class/4/Log-Spectral Distance":{"mean":0.989841040610071,"std":0.2166195721493746,"min":0.36931294202804565,"max":1.996738076210022},"_wandb":{"runtime":1081},"class/2/SNR (dB)":{"max":13.34367561340332,"mean":2.7879863041562083,"std":3.0283100777206835,"min":-8.870331764221191},"class/3/PSNR (dB)":{"min":1.3254462480545044,"max":15.506172180175781,"mean":8.285087969545929,"std":1.7567744926490658},"class/2/Reconstruction_Loss":{"std":21.185846993737027,"min":5.6145548820495605,"max":110.88209533691406,"mean":53.496799911543675},"_runtime":1081,"class/1/PSNR (dB)":{"max":20.0954647064209,"mean":9.267720692133823,"std":2.200587763743576,"min":1.4430205821990967},"class/3/Reconstruction_Loss":{"min":4.927995204925537,"max":122.54118347167969,"mean":58.17483782569236,"std":22.03783335867},"class/4/Spectral Convergence":{"max":2.3835864067077637,"mean":0.6335532284500607,"std":0.2170138864683957,"min":0.2975473403930664},"class/3/VQ_Loss":{"std":1.6512469290879858e-06,"min":1.9427344799041748,"max":1.9427481889724731,"mean":1.9427426380784762},"eval/VQ_Loss":1.9427426848296037,"class/0/SNR (dB)":{"std":3.179518779736179,"min":-9.396788597106934,"max":10.335878372192383,"mean":2.3499651024792847},"eval/SNR (dB)":3.3799774775341636,"class/2/PSNR (dB)":{"mean":8.208591519889225,"std":2.0271788921547143,"min":0.4508816599845886,"max":16.43099594116211},"class/1/MCD (dB)":{"mean":5336.179305162716,"std":1629.121406020056,"min":1491.9061279296875,"max":10750.642578125},"class/5/VQ_Loss":{"mean":1.9427429192850307,"std":1.533475253676277e-06,"min":1.9427366256713867,"max":1.9427498579025269},"class/1/Reconstruction_Loss":{"min":3.0037548542022705,"max":135.34701538085938,"mean":44.94456191884235,"std":21.931771096076858},"eval/MCD (dB)":5826.736083168534,"class/4/SNR (dB)":{"std":2.2837543108235523,"min":-7.544620037078857,"max":10.528874397277832,"mean":4.311066292195167},"class/4/VQ_Loss":{"std":1.576144969073026e-06,"min":1.9427375793457031,"max":1.942753791809082,"mean":1.9427429088780712},"class/2/Spectral Convergence":{"mean":0.7764764441843814,"std":0.331197915947961,"min":0.21518711745738983,"max":2.776620626449585},"class/3/Log-Spectral Distance":{"std":0.20310489737191262,"min":0.41939109563827515,"max":1.8794522285461426,"mean":1.113172284201509},"class/2/Log-Spectral Distance":{"min":0.23180632293224335,"max":1.848456859588623,"mean":1.1350946195897051,"std":0.2246994852448001},"class/0/MCD (dB)":{"max":10899.640625,"mean":6210.083440866613,"std":1594.7531821885007,"min":1953.9046630859375},"class/1/SNR (dB)":{"min":-7.824010848999023,"max":15.677720069885254,"mean":3.793365197991298,"std":2.8432595277788755},"eval/Spectral Convergence":0.7204353949571181,"class/1/Log-Spectral Distance":{"max":1.970182180404663,"mean":1.1330007419837358,"std":0.2548788162565163,"min":0.17476129531860352},"class/0/VQ_Loss":{"max":1.9427491426467896,"mean":1.9427421703959546,"std":2.0219206052051524e-06,"min":1.942734718322754},"class/1/VQ_Loss":{"mean":1.9427431161985749,"std":1.6990010365287744e-06,"min":1.942734956741333,"max":1.9427534341812134},"class/1/Spectral Convergence":{"mean":0.6859303627125795,"std":0.27674253599268117,"min":0.1644803285598755,"max":2.4615039825439453},"class/3/SNR (dB)":{"mean":3.3384050061079953,"std":2.5175084653891977,"min":-8.050806045532227,"max":12.141254425048828},"class/3/MCD (dB)":{"mean":6172.044260372105,"std":1611.3219892537795,"min":1434.868408203125,"max":10479.0302734375},"class/3/Spectral Convergence":{"mean":0.7150651386912558,"std":0.27206617823353013,"min":0.24713660776615143,"max":2.5266218185424805},"class/0/Reconstruction_Loss":{"min":8.812138557434082,"max":126.90619659423828,"mean":56.714155501236704,"std":22.255029958611352},"eval/PSNR (dB)":8.619850573052407,"_step":48,"class/4/MCD (dB)":{"max":10355.921875,"mean":5624.204663739157,"std":1666.0537409142478,"min":1333.9183349609375},"class/5/Reconstruction_Loss":{"mean":51.459612387846626,"std":23.524205212676918,"min":5.2745184898376465,"max":132.69273376464844},"class/4/Reconstruction_Loss":{"max":118.32930755615234,"mean":50.75804506336965,"std":22.423807802369275,"min":7.130589962005615},"_timestamp":1.7664950380082932e+09,"class/0/Spectral Convergence":{"min":0.3042328357696533,"max":2.95011830329895,"mean":0.8227292418181399,"std":0.37147392324232625},"class/5/SNR (dB)":{"mean":3.7003331982712564,"std":2.6305120010664482,"min":-11.143083572387695,"max":12.58279800415039},"class/4/PSNR (dB)":{"min":2.6250531673431396,"max":15.192914962768555,"mean":8.988311755218634,"std":1.8460461527486647},"eval/Reconstruction_Loss":52.593723237431504,"class/2/VQ_Loss":{"min":1.942734718322754,"max":1.9427554607391357,"mean":1.9427423566878839,"std":1.8941310916796472e-06},"class/5/MCD (dB)":{"mean":5757.780091249087,"std":1724.6366095468493,"min":1682.8763427734375,"max":11257.0703125},"class/5/Spectral Convergence":{"mean":0.6887488618169683,"std":0.27664984322321107,"min":0.23488761484622955,"max":3.6070666313171387},"class/2/MCD (dB)":{"min":1998.633544921875,"max":9833.0849609375,"mean":5859.02156112824,"std":1548.3124199442022},"class/0/Log-Spectral Distance":{"mean":1.2568101169967492,"std":0.25683111852824614,"min":0.4128378629684448,"max":1.940869688987732}}